ID,名称,奖励
1,铜锤,0.1米充值代金券*1
2,狼牙棒,0.1米充值代金券*1
3,银蛇剑,0.1米充值代金券*1
4,轻盔[男],0.1米充值代金券*1
5,轻盔[女],0.1米充值代金券*1
6,井中月,0.1米充值代金券*2
7,魔法权杖,0.1米充值代金券*2
8,无极棍,0.1米充值代金券*2
9,重盔[男],0.1米充值代金券*2
10,魔袍[男],0.1米充值代金券*2
11,灵魂道袍[男],0.1米充值代金券*2
12,重盔[女],0.1米充值代金券*2
13,魔袍[女],0.1米充值代金券*2
14,灵魂道袍[女],0.1米充值代金券*2
15,裁决,0.1米充值代金券*2
16,骨玉,0.1米充值代金券*2
17,龙纹,0.1米充值代金券*2
18,战神[男],0.1米充值代金券*2
19,恶魔长袍[男],0.1米充值代金券*2
20,幽灵战甲[男],0.1米充值代金券*2
21,战神[女],0.1米充值代金券*2
22,恶魔长袍[女],0.1米充值代金券*2
23,幽灵战甲[女],0.1米充值代金券*2
24,雷霆怒斩,0.2米充值代金券*2
25,龙牙利刃,0.2米充值代金券*2
26,逍遥无极扇,0.2米充值代金券*2
27,天魔战甲,0.2米充值代金券*2
28,法神披风,0.2米充值代金券*2
29,天尊道袍,0.2米充值代金券*2
30,圣战战甲,0.2米充值代金券*2
31,霓裳羽衣,0.2米充值代金券*2
32,天师道袍,0.2米充值代金券*2
33,圣战头盔,0.2米充值代金券*2
34,天尊头盔,0.2米充值代金券*2
35,圣战项链,0.2米充值代金券*2
36,法神项链,0.2米充值代金券*2
37,天尊项链,0.2米充值代金券*2
38,圣战手镯,0.2米充值代金券*2
39,法神手镯,0.2米充值代金券*2
40,天尊手镯,0.2米充值代金券*2
41,圣战戒指,0.2米充值代金券*2
42,法神戒指,0.2米充值代金券*2
43,天尊戒指,0.2米充值代金券*2
44,圣战腰带,0.2米充值代金券*2
45,法神腰带,0.2米充值代金券*2
46,天尊腰带,0.2米充值代金券*2
47,圣战靴子,0.2米充值代金券*2
48,法神靴子,0.2米充值代金券*2
49,天尊靴子,0.2米充值代金券*2
50,屠龙刀,0.5米充值代金券*2
51,嗜魂法杖,0.5米充值代金券*2
52,倚天剑,0.5米充值代金券*2
53,神武战甲,0.5米充值代金券*2
54,幻魔披风,0.5米充值代金券*2
55,天玄道袍,0.5米充值代金券*2
56,神武战袍,0.5米充值代金券*2
57,幻魔羽衣,0.5米充值代金券*2
58,天玄道衣,0.5米充值代金券*2
59,神武头盔,0.5米充值代金券*2
60,幻魔头盔,0.5米充值代金券*2
61,天玄头盔,0.5米充值代金券*2
62,神武项链,0.5米充值代金券*2
63,幻魔项链,0.5米充值代金券*2
64,天玄项链,0.5米充值代金券*2
65,神武手镯,0.5米充值代金券*2
66,幻魔手镯,0.5米充值代金券*2
67,天玄手镯,0.5米充值代金券*2
68,神武戒指,0.5米充值代金券*2
69,幻魔戒指,0.5米充值代金券*2
70,天玄戒指,0.5米充值代金券*2
71,神武腰带,0.5米充值代金券*2
72,幻魔腰带,0.5米充值代金券*2
73,天玄腰带,0.5米充值代金券*2
74,神武靴子,0.5米充值代金券*2
75,幻魔靴子,0.5米充值代金券*2
76,天玄靴子,0.5米充值代金券*2
77,战魂烈日战刃,0.5米充值代金券*3
78,法魂血月魔杖,0.5米充值代金券*3
79,道魂辰星道剑,0.5米充值代金券*3
80,战魂烈日甲[男],0.5米充值代金券*3
81,法魂血月法袍[男],0.5米充值代金券*3
82,道魂辰星道衣[男],0.5米充值代金券*3
83,战魂烈日甲[女],0.5米充值代金券*3
84,法魂血月法袍[女],0.5米充值代金券*3
85,道魂辰星道衣[女],0.5米充值代金券*3
86,战魂烈日王冠,0.5米充值代金券*3
87,法魂血月王冠,0.5米充值代金券*3
88,道魂辰星道冠,0.5米充值代金券*3
89,战魂烈日吊坠,0.5米充值代金券*3
90,法魂血月吊坠,0.5米充值代金券*3
91,道魂辰星道链,0.5米充值代金券*3
92,战魂烈日护腕,0.5米充值代金券*3
93,法魂血月护腕,0.5米充值代金券*3
94,道魂辰星道手,0.5米充值代金券*3
95,战魂烈日戒指,0.5米充值代金券*3
96,法魂血月戒指,0.5米充值代金券*3
97,道魂辰星道戒,0.5米充值代金券*3
98,战魂烈日腰带,0.5米充值代金券*3
99,法魂血月腰带,0.5米充值代金券*3
100,道魂辰星道带,0.5米充值代金券*3
101,战魂烈日长靴,0.5米充值代金券*3
102,法魂血月长靴,0.5米充值代金券*3
103,道魂辰星道靴,0.5米充值代金券*3
104,仙道・战魂烈日战刃,1米充值代金券*3
105,仙道・法魂血月魔杖,1米充值代金券*3
106,仙道・道魂辰星道剑,1米充值代金券*3
107,仙道・战魂烈日甲[男],1米充值代金券*3
108,仙道・法魂血月法袍[男],1米充值代金券*3
109,仙道・道魂辰星道衣[男],1米充值代金券*3
110,仙道・战魂烈日甲[女],1米充值代金券*3
111,仙道・法魂血月法袍[女],1米充值代金券*3
112,仙道・道魂辰星道衣[女],1米充值代金券*3
113,仙道・战魂烈日王冠,1米充值代金券*3
114,仙道・法魂血月王冠,1米充值代金券*3
115,仙道・道魂辰星道冠,1米充值代金券*3
116,仙道・战魂烈日吊坠,1米充值代金券*3
117,仙道・法魂血月吊坠,1米充值代金券*3
118,仙道・道魂辰星道链,1米充值代金券*3
119,仙道・战魂烈日护腕,1米充值代金券*3
120,仙道・法魂血月护腕,1米充值代金券*3
121,仙道・道魂辰星道手,1米充值代金券*3
122,仙道・战魂烈日戒指,1米充值代金券*3
123,仙道・法魂血月戒指,1米充值代金券*3
124,仙道・道魂辰星道戒,1米充值代金券*3
125,仙道・战魂烈日腰带,1米充值代金券*3
126,仙道・法魂血月腰带,1米充值代金券*3
127,仙道・道魂辰星道带,1米充值代金券*3
128,仙道・战魂烈日长靴,1米充值代金券*3
129,仙道・法魂血月长靴,1米充值代金券*3
130,仙道・道魂辰星道靴,1米充值代金券*3
131,魔道・战魂烈日战刃,2米充值代金券*2
132,魔道・法魂血月魔杖,2米充值代金券*2
133,魔道・道魂辰星道剑,2米充值代金券*2
134,魔道・战魂烈日甲[男],2米充值代金券*2
135,魔道・法魂血月法袍[男],2米充值代金券*2
136,魔道・道魂辰星道衣[男],2米充值代金券*2
137,魔道・战魂烈日甲[女],2米充值代金券*2
138,魔道・法魂血月法袍[女],2米充值代金券*2
139,魔道・道魂辰星道衣[女],2米充值代金券*2
140,魔道・战魂烈日王冠,2米充值代金券*2
141,魔道・法魂血月王冠,2米充值代金券*2
142,魔道・道魂辰星道冠,2米充值代金券*2
143,魔道・战魂烈日吊坠,2米充值代金券*2
144,魔道・法魂血月吊坠,2米充值代金券*2
145,魔道・道魂辰星道链,2米充值代金券*2
146,魔道・战魂烈日护腕,2米充值代金券*2
147,魔道・法魂血月护腕,2米充值代金券*2
148,魔道・道魂辰星道手,2米充值代金券*2
149,魔道・战魂烈日戒指,2米充值代金券*2
150,魔道・法魂血月戒指,2米充值代金券*2
151,魔道・道魂辰星道戒,2米充值代金券*2
152,魔道・战魂烈日腰带,2米充值代金券*2
153,魔道・法魂血月腰带,2米充值代金券*2
154,魔道・道魂辰星道带,2米充值代金券*2
155,魔道・战魂烈日长靴,2米充值代金券*2
156,魔道・法魂血月长靴,2米充值代金券*2
157,魔道・道魂辰星道靴,2米充值代金券*2
158,盘古开天刃,2米充值代金券*3
159,伏羲裂地魔杖,2米充值代金券*3
160,轩辕人皇剑,2米充值代金券*3
161,盘古开天甲[男],2米充值代金券*3
162,伏羲裂地袍[男],2米充值代金券*3
163,轩辕人皇衣[男],2米充值代金券*3
164,盘古开天甲[女],2米充值代金券*3
165,伏羲裂地袍[女],2米充值代金券*3
166,轩辕人皇衣[女],2米充值代金券*3
167,盘古开天冠,2米充值代金券*3
168,伏羲裂地冠,2米充值代金券*3
169,轩辕人皇冠,2米充值代金券*3
170,盘古开天坠,2米充值代金券*3
171,伏羲裂地链,2米充值代金券*3
172,轩辕人皇链,2米充值代金券*3
173,盘古开天腕,2米充值代金券*3
174,伏羲裂地腕,2米充值代金券*3
175,轩辕人皇手,2米充值代金券*3
176,盘古开天戒,2米充值代金券*3
177,伏羲裂地戒,2米充值代金券*3
178,轩辕人皇戒,2米充值代金券*3
179,盘古开天带,2米充值代金券*3
180,伏羲裂地带,2米充值代金券*3
181,轩辕人皇带,2米充值代金券*3
182,盘古开天靴,2米充值代金券*3
183,伏羲裂地靴,2米充值代金券*3
184,轩辕人皇靴,2米充值代金券*3
185,仙道・盘古开天刃,3米充值代金券*3
186,仙道・伏羲裂地魔杖,3米充值代金券*3
187,仙道・轩辕人皇剑,3米充值代金券*3
188,仙道・盘古开天甲[男],3米充值代金券*3
189,仙道・伏羲裂地袍[男],3米充值代金券*3
190,仙道・轩辕人皇衣[男],3米充值代金券*3
191,仙道・盘古开天甲[女],3米充值代金券*3
192,仙道・伏羲裂地袍[女],3米充值代金券*3
193,仙道・轩辕人皇衣[女],3米充值代金券*3
194,仙道・盘古开天冠,3米充值代金券*3
195,仙道・伏羲裂地冠,3米充值代金券*3
196,仙道・轩辕人皇冠,3米充值代金券*3
197,仙道・盘古开天坠,3米充值代金券*3
198,仙道・伏羲裂地链,3米充值代金券*3
199,仙道・轩辕人皇链,3米充值代金券*3
200,仙道・盘古开天腕,3米充值代金券*3
201,仙道・伏羲裂地腕,3米充值代金券*3
202,仙道・轩辕人皇手,3米充值代金券*3
203,仙道・盘古开天戒,3米充值代金券*3
204,仙道・伏羲裂地戒,3米充值代金券*3
205,仙道・轩辕人皇戒,3米充值代金券*3
206,仙道・盘古开天带,3米充值代金券*3
207,仙道・伏羲裂地带,3米充值代金券*3
208,仙道・轩辕人皇带,3米充值代金券*3
209,仙道・盘古开天靴,3米充值代金券*3
210,仙道・伏羲裂地靴,3米充值代金券*3
211,仙道・轩辕人皇靴,3米充值代金券*3
212,魔道・盘古开天刃,3米充值代金券*5
213,魔道・伏羲裂地魔杖,3米充值代金券*5
214,魔道・轩辕人皇剑,3米充值代金券*5
215,魔道・盘古开天甲[男],3米充值代金券*5
216,魔道・伏羲裂地袍[男],3米充值代金券*5
217,魔道・轩辕人皇衣[男],3米充值代金券*5
218,魔道・盘古开天甲[女],3米充值代金券*5
219,魔道・伏羲裂地袍[女],3米充值代金券*5
220,魔道・轩辕人皇衣[女],3米充值代金券*5
221,魔道・盘古开天冠,3米充值代金券*5
222,魔道・伏羲裂地冠,3米充值代金券*5
223,魔道・轩辕人皇冠,3米充值代金券*5
224,魔道・盘古开天坠,3米充值代金券*5
225,魔道・伏羲裂地链,3米充值代金券*5
226,魔道・轩辕人皇链,3米充值代金券*5
227,魔道・盘古开天腕,3米充值代金券*5
228,魔道・伏羲裂地腕,3米充值代金券*5
229,魔道・轩辕人皇手,3米充值代金券*5
230,魔道・盘古开天戒,3米充值代金券*5
231,魔道・伏羲裂地戒,3米充值代金券*5
232,魔道・轩辕人皇戒,3米充值代金券*5
233,魔道・盘古开天带,3米充值代金券*5
234,魔道・伏羲裂地带,3米充值代金券*5
235,魔道・轩辕人皇带,3米充值代金券*5
236,魔道・盘古开天靴,3米充值代金券*5
237,魔道・伏羲裂地靴,3米充值代金券*5
238,魔道・轩辕人皇靴,3米充值代金券*5
239,鎏金圣阳刃,5米充值代金券*4
240,鎏金魔月杖,5米充值代金券*4
241,鎏金天星剑,5米充值代金券*4
242,鎏金圣阳甲[男],5米充值代金券*4
243,鎏金魔月法袍[男],5米充值代金券*4
244,鎏金天星衣[男],5米充值代金券*4
245,鎏金圣阳甲[女],5米充值代金券*4
246,鎏金魔月法袍[女],5米充值代金券*4
247,鎏金天星衣[女],5米充值代金券*4
248,鎏金圣阳冠,5米充值代金券*4
249,鎏金魔月冠,5米充值代金券*4
250,鎏金天星冠,5米充值代金券*4
251,鎏金圣阳链,5米充值代金券*4
252,鎏金魔月坠,5米充值代金券*4
253,鎏金天星坠,5米充值代金券*4
254,鎏金圣阳镯,5米充值代金券*4
255,鎏金魔月镯,5米充值代金券*4
256,鎏金天星腕,5米充值代金券*4
257,鎏金圣阳戒,5米充值代金券*4
258,鎏金魔月戒,5米充值代金券*4
259,鎏金天星戒,5米充值代金券*4
260,鎏金圣阳带,5米充值代金券*4
261,鎏金魔月带,5米充值代金券*4
262,鎏金天星带,5米充值代金券*4
263,鎏金圣阳鞋,5米充值代金券*4
264,鎏金魔月鞋,5米充值代金券*4
265,鎏金天星靴,5米充值代金券*4
266,仙道・鎏金圣阳刃,5米充值代金券*5
267,仙道・鎏金魔月杖,5米充值代金券*5
268,仙道・鎏金天星剑,5米充值代金券*5
269,仙道・鎏金圣阳甲[男],5米充值代金券*5
270,仙道・鎏金魔月法袍[男],5米充值代金券*5
271,仙道・鎏金天星衣[男],5米充值代金券*5
272,仙道・鎏金圣阳甲[女],5米充值代金券*5
273,仙道・鎏金魔月法袍[女],5米充值代金券*5
274,仙道・鎏金天星衣[女],5米充值代金券*5
275,仙道・鎏金圣阳冠,5米充值代金券*5
276,仙道・鎏金魔月冠,5米充值代金券*5
277,仙道・鎏金天星冠,5米充值代金券*5
278,仙道・鎏金圣阳链,5米充值代金券*5
279,仙道・鎏金魔月坠,5米充值代金券*5
280,仙道・鎏金天星坠,5米充值代金券*5
281,仙道・鎏金圣阳镯,5米充值代金券*5
282,仙道・鎏金魔月镯,5米充值代金券*5
283,仙道・鎏金天星腕,5米充值代金券*5
284,仙道・鎏金圣阳戒,5米充值代金券*5
285,仙道・鎏金魔月戒,5米充值代金券*5
286,仙道・鎏金天星戒,5米充值代金券*5
287,仙道・鎏金圣阳带,5米充值代金券*5
288,仙道・鎏金魔月带,5米充值代金券*5
289,仙道・鎏金天星带,5米充值代金券*5
290,仙道・鎏金圣阳鞋,5米充值代金券*5
291,仙道・鎏金魔月鞋,5米充值代金券*5
292,仙道・鎏金天星靴,5米充值代金券*5
293,魔道・鎏金圣阳刃,10米充值代金券*2
294,魔道・鎏金魔月杖,10米充值代金券*2
295,魔道・鎏金天星剑,10米充值代金券*2
296,魔道・鎏金圣阳甲[男],10米充值代金券*2
297,魔道・鎏金魔月法袍[男],10米充值代金券*2
298,魔道・鎏金天星衣[男],10米充值代金券*2
299,魔道・鎏金圣阳甲[女],10米充值代金券*2
300,魔道・鎏金魔月法袍[女],10米充值代金券*2
301,魔道・鎏金天星衣[女],10米充值代金券*2
302,魔道・鎏金圣阳冠,10米充值代金券*2
303,魔道・鎏金魔月冠,10米充值代金券*2
304,魔道・鎏金天星冠,10米充值代金券*2
305,魔道・鎏金圣阳链,10米充值代金券*2
306,魔道・鎏金魔月坠,10米充值代金券*2
307,魔道・鎏金天星坠,10米充值代金券*2
308,魔道・鎏金圣阳镯,10米充值代金券*2
309,魔道・鎏金魔月镯,10米充值代金券*2
310,魔道・鎏金天星腕,10米充值代金券*2
311,魔道・鎏金圣阳戒,10米充值代金券*2
312,魔道・鎏金魔月戒,10米充值代金券*2
313,魔道・鎏金天星戒,10米充值代金券*2
314,魔道・鎏金圣阳带,10米充值代金券*2
315,魔道・鎏金魔月带,10米充值代金券*2
316,魔道・鎏金天星带,10米充值代金券*2
317,魔道・鎏金圣阳鞋,10米充值代金券*2
318,魔道・鎏金魔月鞋,10米充值代金券*2
319,魔道・鎏金天星靴,10米充值代金券*2
320,巅峰神武刃,10米充值代金券*3
321,巅峰幻魔法杖,10米充值代金券*3
322,巅峰天玄剑,10米充值代金券*3
323,巅峰神武甲[男],10米充值代金券*3
324,巅峰幻魔袍[男],10米充值代金券*3
325,巅峰天玄衣[男],10米充值代金券*3
326,巅峰神武甲[女],10米充值代金券*3
327,巅峰幻魔袍[女],10米充值代金券*3
328,巅峰天玄衣[女],10米充值代金券*3
329,巅峰神武盔,10米充值代金券*3
330,巅峰幻魔冠,10米充值代金券*3
331,巅峰天玄道冠,10米充值代金券*3
332,巅峰神武坠,10米充值代金券*3
333,巅峰幻魔坠,10米充值代金券*3
334,巅峰天玄道链,10米充值代金券*3
335,巅峰神武手,10米充值代金券*3
336,巅峰幻魔腕,10米充值代金券*3
337,巅峰天玄护腕,10米充值代金券*3
338,巅峰神武戒,10米充值代金券*3
339,巅峰幻魔戒,10米充值代金券*3
340,巅峰天玄道戒,10米充值代金券*3
341,巅峰神武带,10米充值代金券*3
342,巅峰幻魔带,10米充值代金券*3
343,巅峰天玄道带,10米充值代金券*3
344,巅峰神武靴,10米充值代金券*3
345,巅峰幻魔靴,10米充值代金券*3
346,巅峰天玄道靴,10米充值代金券*3
347,仙道・巅峰神武刃,30米充值代金券*1
348,仙道・巅峰幻魔法杖,30米充值代金券*1
349,仙道・巅峰天玄剑,30米充值代金券*1
350,仙道・巅峰神武甲[男],30米充值代金券*1
351,仙道・巅峰幻魔袍[男],30米充值代金券*1
352,仙道・巅峰天玄衣[男],30米充值代金券*1
353,仙道・巅峰神武甲[女],30米充值代金券*1
354,仙道・巅峰幻魔袍[女],30米充值代金券*1
355,仙道・巅峰天玄衣[女],30米充值代金券*1
356,仙道・巅峰神武盔,30米充值代金券*1
357,仙道・巅峰幻魔冠,30米充值代金券*1
358,仙道・巅峰天玄道冠,30米充值代金券*1
359,仙道・巅峰神武坠,30米充值代金券*1
360,仙道・巅峰幻魔坠,30米充值代金券*1
361,仙道・巅峰天玄道链,30米充值代金券*1
362,仙道・巅峰神武手,30米充值代金券*1
363,仙道・巅峰幻魔腕,30米充值代金券*1
364,仙道・巅峰天玄护腕,30米充值代金券*1
365,仙道・巅峰神武戒,30米充值代金券*1
366,仙道・巅峰幻魔戒,30米充值代金券*1
367,仙道・巅峰天玄道戒,30米充值代金券*1
368,仙道・巅峰神武带,30米充值代金券*1
369,仙道・巅峰幻魔带,30米充值代金券*1
370,仙道・巅峰天玄道带,30米充值代金券*1
371,仙道・巅峰神武靴,30米充值代金券*1
372,仙道・巅峰幻魔靴,30米充值代金券*1
373,仙道・巅峰天玄道靴,30米充值代金券*1
374,魔道・巅峰神武刃,30米充值代金券*2
375,魔道・巅峰幻魔法杖,30米充值代金券*2
376,魔道・巅峰天玄剑,30米充值代金券*2
377,魔道・巅峰神武甲[男],30米充值代金券*2
378,魔道・巅峰幻魔袍[男],30米充值代金券*2
379,魔道・巅峰天玄衣[男],30米充值代金券*2
380,魔道・巅峰神武甲[女],30米充值代金券*2
381,魔道・巅峰幻魔袍[女],30米充值代金券*2
382,魔道・巅峰天玄衣[女],30米充值代金券*2
383,魔道・巅峰神武盔,30米充值代金券*2
384,魔道・巅峰幻魔冠,30米充值代金券*2
385,魔道・巅峰天玄道冠,30米充值代金券*2
386,魔道・巅峰神武坠,30米充值代金券*2
387,魔道・巅峰幻魔坠,30米充值代金券*2
388,魔道・巅峰天玄道链,30米充值代金券*2
389,魔道・巅峰神武手,30米充值代金券*2
390,魔道・巅峰幻魔腕,30米充值代金券*2
391,魔道・巅峰天玄护腕,30米充值代金券*2
392,魔道・巅峰神武戒,30米充值代金券*2
393,魔道・巅峰幻魔戒,30米充值代金券*2
394,魔道・巅峰天玄道戒,30米充值代金券*2
395,魔道・巅峰神武带,30米充值代金券*2
396,魔道・巅峰幻魔带,30米充值代金券*2
397,魔道・巅峰天玄道带,30米充值代金券*2
398,魔道・巅峰神武靴,30米充值代金券*2
399,魔道・巅峰幻魔靴,30米充值代金券*2
400,魔道・巅峰天玄道靴,30米充值代金券*2
401,仙魔・洪荒破日刃,50米充值代金券*1
402,仙魔・洪荒吞魔法杖,50米充值代金券*1
403,仙魔・洪荒玄冥剑,50米充值代金券*1
404,仙魔・洪荒破日甲[男],50米充值代金券*1
405,仙魔・洪荒吞魔法袍[男],50米充值代金券*1
406,仙魔・洪荒玄冥衣[男],50米充值代金券*1
407,仙魔・洪荒破日甲[女],50米充值代金券*1
408,仙魔・洪荒吞魔法袍[女],50米充值代金券*1
409,仙魔・洪荒玄冥衣[女],50米充值代金券*1
410,仙魔・洪荒破日冠,50米充值代金券*1
411,仙魔・洪荒吞魔法冠,50米充值代金券*1
412,仙魔・洪荒玄冥冠,50米充值代金券*1
413,仙魔・洪荒破日链,50米充值代金券*1
414,仙魔・洪荒吞魔吊坠,50米充值代金券*1
415,仙魔・洪荒玄冥链,50米充值代金券*1
416,仙魔・洪荒破日腕,50米充值代金券*1
417,仙魔・洪荒吞魔法腕,50米充值代金券*1
418,仙魔・洪荒玄冥腕,50米充值代金券*1
419,仙魔・洪荒破日戒,50米充值代金券*1
420,仙魔・洪荒吞魔法戒,50米充值代金券*1
421,仙魔・洪荒玄冥戒,50米充值代金券*1
422,仙魔・洪荒破日带,50米充值代金券*1
423,仙魔・洪荒吞魔腰带,50米充值代金券*1
424,仙魔・洪荒玄冥带,50米充值代金券*1
425,仙魔・洪荒破日靴,50米充值代金券*1
426,仙魔・洪荒吞魔长靴,50米充值代金券*1
427,仙魔・洪荒玄冥靴,50米充值代金券*1
428,经天纬地唯我战刃,50米充值代金券*2
429,纵横驰骋无双魔杖,50米充值代金券*2
430,古今逍遥独真道剑,50米充值代金券*2
431,经天纬地唯我神甲[男],50米充值代金券*2
432,纵横驰骋无双法袍[男],50米充值代金券*2
433,古今逍遥独真道衣[男],50米充值代金券*2
434,经天纬地唯我神甲[女],50米充值代金券*2
435,纵横驰骋无双法袍[女],50米充值代金券*2
436,古今逍遥独真道衣[女],50米充值代金券*2
437,经天纬地唯我战盔,50米充值代金券*2
438,纵横驰骋无双魔盔,50米充值代金券*2
439,古今逍遥独真道盔,50米充值代金券*2
440,经天纬地唯我战链,50米充值代金券*2
441,纵横驰骋无双魔链,50米充值代金券*2
442,古今逍遥独真道链,50米充值代金券*2
443,经天纬地唯我战腕,50米充值代金券*2
444,纵横驰骋无双魔腕,50米充值代金券*2
445,古今逍遥独真道腕,50米充值代金券*2
446,经天纬地唯我战戒,50米充值代金券*2
447,纵横驰骋无双魔戒,50米充值代金券*2
448,古今逍遥独真道戒,50米充值代金券*2
449,经天纬地唯我战带,50米充值代金券*2
450,纵横驰骋无双魔带,50米充值代金券*2
451,古今逍遥独真道带,50米充值代金券*2
452,经天纬地唯我战靴,50米充值代金券*2
453,纵横驰骋无双魔靴,50米充值代金券*2
454,古今逍遥独真道靴,50米充值代金券*2
455,独占鳌头震苍穹战刃,50米充值代金券*3
456,空前绝后霸权扬魔杖,50米充值代金券*3
457,独步天下任我行道剑,50米充值代金券*3
458,独占鳌头震苍穹神甲[男],50米充值代金券*3
459,空前绝后霸权扬法袍[男],50米充值代金券*3
460,独步天下任我行道衣[男],50米充值代金券*3
461,独占鳌头震苍穹神甲[女],50米充值代金券*3
462,空前绝后霸权扬法袍[女],50米充值代金券*3
463,独步天下任我行道衣[女],50米充值代金券*3
464,独占鳌头震苍穹战盔,50米充值代金券*3
465,空前绝后霸权扬魔盔,50米充值代金券*3
466,独步天下任我行道盔,50米充值代金券*3
467,独占鳌头震苍穹战链,50米充值代金券*3
468,空前绝后霸权扬魔链,50米充值代金券*3
469,独步天下任我行道链,50米充值代金券*3
470,独占鳌头震苍穹战腕,50米充值代金券*3
471,空前绝后霸权扬魔腕,50米充值代金券*3
472,独步天下任我行道腕,50米充值代金券*3
473,独占鳌头震苍穹战戒,50米充值代金券*3
474,空前绝后霸权扬魔戒,50米充值代金券*3
475,独步天下任我行道戒,50米充值代金券*3
476,独占鳌头震苍穹战带,50米充值代金券*3
477,空前绝后霸权扬魔带,50米充值代金券*3
478,独步天下任我行道带,50米充值代金券*3
479,独占鳌头震苍穹战靴,50米充值代金券*3
480,空前绝后霸权扬魔靴,50米充值代金券*3
481,独步天下任我行道靴,50米充值代金券*3
