天关等级,怪物名称(多个怪用|分割)
1,天关守卫1*1
2,天关守卫2*1
3,天关守卫3*1
4,天关守卫4*1
5,天关守卫5*1
6,天关守卫6*1
7,天关守卫7*1
8,天关守卫8*1
9,天关守卫9*1
10,天关守卫10*1
11,天关守卫11*1
12,天关守卫12*1
13,天关守卫13*1
14,天关守卫14*1
15,天关守卫15*1
16,天关守卫16*1
17,天关守卫17*1
18,天关守卫18*1
19,天关守卫19*1
20,天关守卫20*1
21,天关守卫21*1
22,天关守卫22*1
23,天关守卫23*1
24,天关守卫24*1
25,天关守卫25*1
26,天关守卫26*1
27,天关守卫27*1
28,天关守卫28*1
29,天关守卫29*1
30,天关守卫30*1
31,天关守卫31*1
32,天关守卫32*1
33,天关守卫33*1
34,天关守卫34*1
35,天关守卫35*1
36,天关守卫36*1
37,天关守卫37*1
38,天关守卫38*1
39,天关守卫39*1
40,天关守卫40*1
41,天关守卫41*1
42,天关守卫42*1
43,天关守卫43*1
44,天关守卫44*1
45,天关守卫45*1
46,天关守卫46*1
47,天关守卫47*1
48,天关守卫48*1
49,天关守卫49*1
50,天关守卫50*1
51,天关守卫51*1
52,天关守卫52*1
53,天关守卫53*1
54,天关守卫54*1
55,天关守卫55*1
56,天关守卫56*1
57,天关守卫57*1
58,天关守卫58*1
59,天关守卫59*1
60,天关守卫60*1
61,天关守卫61*1
62,天关守卫62*1
63,天关守卫63*1
64,天关守卫64*1
65,天关守卫65*1
66,天关守卫66*1
67,天关守卫67*1
68,天关守卫68*1
69,天关守卫69*1
70,天关守卫70*1
71,天关守卫71*1
72,天关守卫72*1
73,天关守卫73*1
74,天关守卫74*1
75,天关守卫75*1
76,天关守卫76*1
77,天关守卫77*1
78,天关守卫78*1
79,天关守卫79*1
80,天关守卫80*1
81,天关守卫81*1
82,天关守卫82*1
83,天关守卫83*1
84,天关守卫84*1
85,天关守卫85*1
86,天关守卫86*1
87,天关守卫87*1
88,天关守卫88*1
89,天关守卫89*1
90,天关守卫90*1
91,天关守卫91*1
92,天关守卫92*1
93,天关守卫93*1
94,天关守卫94*1
95,天关守卫95*1
96,天关守卫96*1
97,天关守卫97*1
98,天关守卫98*1
99,天关守卫99*1
100,天关守卫100*1
101,天关守卫101*1
102,天关守卫102*1
103,天关守卫103*1
104,天关守卫104*1
105,天关守卫105*1
106,天关守卫106*1
107,天关守卫107*1
108,天关守卫108*1
109,天关守卫109*1
110,天关守卫110*1
111,天关守卫111*1
112,天关守卫112*1
113,天关守卫113*1
114,天关守卫114*1
115,天关守卫115*1
116,天关守卫116*1
117,天关守卫117*1
118,天关守卫118*1
119,天关守卫119*1
120,天关守卫120*1
